{
  "Critical Error": {
    "precision": 1.0,
    "recall": 0.9006211180124224,
    "f1-score": 0.9477124183006536,
    "support": 161.0
  },
  "Deprecation Warning": {
    "precision": 1.0,
    "recall": 0.3333333333333333,
    "f1-score": 0.5,
    "support": 3.0
  },
  "Error": {
    "precision": 0.9754601226993865,
    "recall": 0.8983050847457628,
    "f1-score": 0.9352941176470588,
    "support": 177.0
  },
  "HTTP Status": {
    "precision": 1.0,
    "recall": 1.0,
    "f1-score": 1.0,
    "support": 1017.0
  },
  "Resource Usage": {
    "precision": 1.0,
    "recall": 1.0,
    "f1-score": 1.0,
    "support": 177.0
  },
  "Security Alert": {
    "precision": 1.0,
    "recall": 0.9110512129380054,
    "f1-score": 0.9534555712270804,
    "support": 371.0
  },
  "System Notification": {
    "precision": 1.0,
    "recall": 0.9634831460674157,
    "f1-score": 0.9814020028612304,
    "support": 356.0
  },
  "User Action": {
    "precision": 1.0,
    "recall": 1.0,
    "f1-score": 1.0,
    "support": 144.0
  },
  "Workflow Error": {
    "precision": 0.0,
    "recall": 0.0,
    "f1-score": 0.0,
    "support": 4.0
  },
  "micro avg": {
    "precision": 0.9982817869415808,
    "recall": 0.9643153526970955,
    "f1-score": 0.9810046433094133,
    "support": 2410.0
  },
  "macro avg": {
    "precision": 0.8861622358554874,
    "recall": 0.778532655010771,
    "f1-score": 0.8130960122262247,
    "support": 2410.0
  },
  "weighted avg": {
    "precision": 0.9965379426214902,
    "recall": 0.9643153526970955,
    "f1-score": 0.9795601195492861,
    "support": 2410.0
  }
}